LIPID,LIPID_NAME_CLEAN,QUANTIFIER,Q1,Q3,RT
CE 14:0,CE 14:0,TRUE,614.6,369.3,7.133333333
CE 15:0,CE 15:0,TRUE,628.6,369.3,7.216666667
CE 16:0,CE 16:0,TRUE,642.6,369.3,7.3
CE 16:1,CE 16:1,TRUE,640.6,369.3,7.15
CE 16:2,CE 16:2,TRUE,638.6,369.3,6.983333333
CE 17:0,CE 17:0,TRUE,656.6,369.3,7.366666667
CE 17:1,CE 17:1,TRUE,654.6,369.3,7.216666667
CE 18:0,CE 18:0,TRUE,670.7,369.3,7.45
CE 18:1,CE 18:1,TRUE,668.6,369.3,7.3
CE 18:1 d7 (ISTD),CE 18:1[D7],TRUE,675.7,369.1,7.3
CE 18:2,CE 18:2,TRUE,666.6,369.3,7.183333333
CE 18:3,CE 18:3,TRUE,664.6,369.3,7.05
CE 20:1,CE 20:1,TRUE,696.7,369.3,7.433333333
CE 20:2,CE 20:2,TRUE,694.7,369.3,7.316666667
CE 20:3,CE 20:3,TRUE,692.6,369.3,7.183333333
CE 20:4,CE 20:4,TRUE,690.6,369.3,7.083333333
CE 20:5,CE 20:5,TRUE,688.6,369.3,6.933333333
CE 22:0,CE 22:0,TRUE,726.7,369.3,7.7
CE 22:1,CE 22:1,TRUE,724.7,369.3,7.583333333
CE 22:4,CE 22:4,TRUE,718.7,369.3,7.216666667
CE 22:5,CE 22:5,TRUE,716.6,369.3,7.083333333
CE 22:6,CE 22:6,TRUE,714.6,369.3,7.016666667
CE 24:0,CE 24:0,TRUE,754.7,369.3,7.833333333
CE 24:1,CE 24:1,TRUE,752.7,369.3,7.683333333
CE 24:4,CE 24:4,TRUE,746.7,369.3,7.366666667
CE 24:5,CE 24:5,TRUE,744.7,369.3,7.25
CE 24:6,CE 24:6,TRUE,742.7,369.3,7.166666667
Cer d18:0/16:0,Cer d18:0/16:0,TRUE,540.5,522.5,5.066666667
Cer d18:0/18:0,Cer d18:0/18:0,TRUE,568.6,550.6,5.416666667
Cer d18:0/20:0,Cer d18:0/20:0,TRUE,596.6,578.6,5.733333333
Cer d18:0/22:0,Cer d18:0/22:0,TRUE,624.6,606.6,6
Cer d18:0/24:0,Cer d18:0/24:0,TRUE,652.7,634.7,6.233333333
Cer d18:0/24:1,Cer d18:0/24:1,TRUE,650.6,632.6,6.15
Cer d18:1/12:0 (ISTD),Cer d18:1/12:0,TRUE,482.4,264.2,4.15
Cer d18:1/16:0,Cer d18:1/16:0,TRUE,538.5,264.3,4.933333333
Cer d18:1/17:0,Cer d18:1/17:0,TRUE,552.6,264.3,5.1
Cer d18:1/18:0,Cer d18:1/18:0,TRUE,566.6,264.3,5.283333333
Cer d18:1/20:0,Cer d18:1/20:0,TRUE,594.6,264.3,5.616666667
Cer d18:1/22:0,Cer d18:1/22:0,TRUE,622.6,264.3,5.883333333
Cer d18:1/24:0,Cer d18:1/24:0,TRUE,650.6,264.3,6.15
Cer d18:1/24:1,Cer d18:1/24:1,TRUE,648.6,264.3,5.883333333
Cer d18:1/25:0 (ISTD),Cer d18:1/25:0,TRUE,664.4,264.2,6.266666667
Cer d18:1/26:0,Cer d18:1/26:0,TRUE,678.7,264.4,6.383333333
Cer d18:2/16:0,Cer d18:2/16:0,TRUE,536.7,262.4,4.616666667
Cer d18:2/22:0,Cer d18:2/22:0,TRUE,620.7,262.4,5.666666667
Cer d18:2/24:1,Cer d18:2/24:1,TRUE,646.7,262.4,5.666666667
DG 14:0_16:0 [-14:0],DG 14:0_16:0,FALSE,558.5,313.3,5.2
DG 14:0_16:0 [-16:0],DG 14:0_16:0,TRUE,558.5,285.2,5.2
DG 14:0_16:1 [-14:0],DG 14:0_16:1,FALSE,556.5,311.3,4.9
DG 14:0_16:1 [-16:1],DG 14:0_16:1,TRUE,556.5,285.2,4.916666667
DG 14:0_18:0 [-14:0],DG 14:0_18:0,FALSE,586.5,341.3,5.533333333
DG 14:0_18:0 [-18:0],DG 14:0_18:0,TRUE,586.5,285.2,5.533333333
DG 14:0_18:1 [-14:0],DG 14:0_18:1,TRUE,584.5,339.3,5.25
DG 14:0_18:1 [-18:1],DG 14:0_18:1,FALSE,584.5,285.2,5.25
DG 14:0_18:2 [-14:0],DG 14:0_18:2,FALSE,582.5,337.3,4.983333333
DG 14:0_18:2 [-18:2],DG 14:0_18:2,TRUE,582.5,285.2,4.983333333
DG 14:1_20:0 [-20:0],DG 14:1_20:0,TRUE,612.6,283.3,5.083333333
DG 15:0_18:1 d7 [-15:0] (ISTD),DG 15:0_18:1[D7],TRUE,605.1,346.3,5.4
DG 15:0_18:1 d7 [-18:1] (ISTD),DG 15:0_18:1[D7],TRUE,605.1,299,5.4
DG 16:0_16:0 [-16:0],DG 16:0_16:0,TRUE,586.5,313.2,5.533333333
DG 16:0_16:1 [-16:0],DG 16:0_16:1,FALSE,584.5,311.2,5.266666667
DG 16:0_16:1 [-16:1],DG 16:0_16:1,TRUE,584.5,313.2,5.266666667
DG 16:0_18:0 [-16:0],DG 16:0_18:0,FALSE,614.6,341.3,5.816666667
DG 16:0_18:0 [-18:0],DG 16:0_18:0,TRUE,614.6,313.3,5.816666667
DG 16:0_18:1 [-16:0],DG 16:0_18:1,FALSE,612.6,339.3,5.583333333
DG 16:0_18:1 [-18:1],DG 16:0_18:1,TRUE,612.6,313.3,5.583333333
DG 16:0_18:2 [-16:0],DG 16:0_18:2,TRUE,610.5,337.2,5.333333333
DG 16:0_18:2 [-18:2],DG 16:0_18:2,FALSE,610.5,313.2,5.333333333
DG 16:0_20:0 [-16:0],DG 16:0_20:0,TRUE,642.7,369.3,6.083333333
DG 16:0_20:3 [-20:3],DG 16:0_20:3,TRUE,636.6,313.3,5.433333333
DG 16:0_20:4 [-20:4],DG 16:0_20:4,TRUE,634.5,313.2,5.3
DG 16:0_22:5 [-22:5],DG 16:0_22:5,TRUE,660.6,313.3,5.366666667
DG 16:0_22:6 [-22:6],DG 16:0_22:6,TRUE,658.5,313.2,5.216666667
DG 16:1_16:1 [-16:1],DG 16:1_16:1,TRUE,582.5,311.2,4.983333333
DG 16:1_18:0 [-18:0],DG 16:1_18:0,TRUE,612.6,311.3,5.583333333
DG 16:1_18:1 [-16:1],DG 16:1_18:1,TRUE,610.5,339.2,5.316666667
DG 16:1_18:1 [-18:1],DG 16:1_18:1,FALSE,610.5,311.2,5.316666667
DG 18:0_18:0 [-18:0],DG 18:0_18:0,TRUE,642.6,341.3,6.083333333
DG 18:0_18:1 [-18:0],DG 18:0_18:1,FALSE,640.6,339.3,5.866666667
DG 18:0_18:1 [-18:1],DG 18:0_18:1,TRUE,640.6,341.3,5.866666667
DG 18:0_18:2 [-18:0],DG 18:0_18:2,TRUE,638.6,337.3,5.65
DG 18:0_18:2 [-18:2],DG 18:0_18:2,FALSE,638.6,341.3,5.65
DG 18:0_20:4 [-20:4],DG 18:0_20:4,TRUE,662.6,341.3,5.6
DG 18:1_18:1 [-18:1],DG 18:1_18:1,TRUE,638.6,339.3,5.6
DG 18:1_18:2 [-18:1],DG 18:1_18:2,FALSE,636.6,337.3,5.383333333
DG 18:1_18:2 [-18:2],DG 18:1_18:2,TRUE,636.6,339.3,5.383333333
DG 18:1_18:3 [-18:3],DG 18:1_18:3,TRUE,634.5,339.2,5.166666667
DG 18:1_20:0 [-18:1],DG 18:1_20:0,TRUE,668.7,369.3,7.3
DG 18:1_20:3 [-20:3],DG 18:1_20:3,TRUE,662.6,339.3,5.55
DG 18:1_20:4 [-18:1],DG 18:1_20:4,FALSE,660.6,361.3,5.333333333
DG 18:1_20:4 [-20:4],DG 18:1_20:4,TRUE,660.6,339.3,5.333333333
DG 18:2_18:2 [-18:2],DG 18:2_18:2,TRUE,634.5,337.2,5.133333333
DG 18:2_20:3 [-20:3],DG 18:2_20:3,TRUE,660.6,337.3,5.316666667
DG 18:2_20:4 [-20:4],DG 18:2_20:4,TRUE,658.5,337.2,5.083333333
GM3 d18:1/16:0,GM3 d18:1/16:0,TRUE,1153.7,264.3,3.75
GM3 d18:1/18:0,GM3 d18:1/18:0,TRUE,1181.8,264.3,4.1
GM3 d18:1/20:0,GM3 d18:1/20:0,TRUE,1209.8,264.3,4.433333333
GM3 d18:1/22:0,GM3 d18:1/22:0,TRUE,1237.8,264.3,4.766666667
GM3 d18:1/24:0,GM3 d18:1/24:0,TRUE,1265.8,264.3,5.066666667
GM3 d18:1/24:1,GM3 d18:1/24:1,TRUE,1263.8,264.3,4.766666667
Hex2Cer d18:1/12:0 (ISTD),Hex2Cer d18:1/12:0,TRUE,806.6,264.2,3.55
Hex2Cer d18:1/16:0,Hex2Cer d18:1/16:0,TRUE,862.6,264.3,4.316666667
Hex2Cer d18:1/18:0,Hex2Cer d18:1/18:0,TRUE,890.7,264.3,4.666666667
Hex2Cer d18:1/20:0,Hex2Cer d18:1/20:0,TRUE,918.7,264.3,5.016666667
Hex2Cer d18:1/22:0,Hex2Cer d18:1/22:0,TRUE,946.7,264.3,5.333333333
Hex2Cer d18:1/24:0,Hex2Cer d18:1/24:0,TRUE,974.8,264.3,5.633333333
Hex2Cer d18:1/24:1,Hex2Cer d18:1/24:1,TRUE,972.7,264.3,5.333333333
Hex3Cer d18:1/16:0,Hex3Cer d18:1/16:0,TRUE,1024.7,264.3,4.166666667
Hex3Cer d18:1/18:0,Hex3Cer d18:1/18:0,TRUE,1052.7,264.3,4.533333333
Hex3Cer d18:1/20:0,Hex3Cer d18:1/20:0,TRUE,1080.7,264.3,4.9
Hex3Cer d18:1/22:0,Hex3Cer d18:1/22:0,TRUE,1108.8,264.3,5.2
Hex3Cer d18:1/24:0,Hex3Cer d18:1/24:0,TRUE,1136.8,264.3,5.5
Hex3Cer d18:1/24:1,Hex3Cer d18:1/24:1,TRUE,1134.8,264.3,5.2
HexCer d18:1/12:0 (ISTD),HexCer d18:1/12:0,TRUE,644.5,264.2,3.733333333
HexCer d18:1/16:0,HexCer d18:1/16:0,TRUE,700.6,264.3,4.516666667
HexCer d18:1/18:0,HexCer d18:1/18:0,TRUE,728.6,264.3,4.9
HexCer d18:1/20:0,HexCer d18:1/20:0,TRUE,756.6,264.3,5.233333333
HexCer d18:1/22:0,HexCer d18:1/22:0,TRUE,784.7,264.3,5.533333333
HexCer d18:1/24:0,HexCer d18:1/24:0,TRUE,812.7,264.3,5.816666667
HexCer d18:1/24:1,HexCer d18:1/24:1,TRUE,810.7,264.3,5.533333333
LPC 14:0,LPC 14:0,TRUE,468.3,184.1,1.683333333
LPC 15:0,LPC 15:0,TRUE,482.3,184.1,1.95
LPC 16:0,LPC 16:0,TRUE,496.3,184.1,2.175
LPC 16:1,LPC 16:1,TRUE,494.3,184.1,1.825
LPC 17:0,LPC 17:0,TRUE,510.4,184.1,2.433333333
LPC 17:1,LPC 17:1,TRUE,508.4,184.1,2.066666667
LPC 18:0,LPC 18:0,TRUE,524.4,184.1,2.6
LPC 18:1,LPC 18:1,TRUE,522.4,184.1,2.275
LPC 18:1 d7 (ISTD),LPC 18:1[D7],TRUE,529.7,184.1,2.3
LPC 18:2,LPC 18:2,TRUE,520.3,184.1,1.975
LPC 18:3,LPC 18:3,TRUE,518.3,184.1,1.733333333
LPC 20:0,LPC 20:0,TRUE,552.4,184.1,3.033333333
LPC 20:1,LPC 20:1,TRUE,550.4,184.1,2.683333333
LPC 20:2,LPC 20:2,TRUE,548.4,184.1,2.383333333
LPC 20:3,LPC 20:3,TRUE,546.4,184.1,2.183333333
LPC 20:4,LPC 20:4,TRUE,544.3,184.1,2
LPC 20:5,LPC 20:5,TRUE,542.3,184.1,1.675
LPC 22:0,LPC 22:0,TRUE,580.4,184.1,3.4
LPC 22:1,LPC 22:1,TRUE,578.4,184.1,3.008333333
LPC 22:5,LPC 22:5,TRUE,570.4,184.1,2.133333333
LPC 22:6,LPC 22:6,TRUE,568.3,184.1,1.933333333
LPC 24:0,LPC 24:0,TRUE,608.5,184.1,3.825
LPC 26:0,LPC 26:0,TRUE,636.5,184.1,4.258333333
LPC O-16:0,LPC O-16:0,TRUE,482.4,104.1,2.416666667
LPC O-18:0,LPC O-18:0,TRUE,510.4,104.1,2.816666667
LPC O-18:1,LPC O-18:1,TRUE,508.4,104.1,2.5
LPC O-20:0,LPC O-20:0,TRUE,538.4,104.1,3.216666667
LPC O-22:0,LPC O-22:0,TRUE,566.5,104.1,3.666666667
LPC O-22:1,LPC O-22:1,TRUE,564.4,104.1,3.233333333
LPC O-24:0,LPC O-24:0,TRUE,594.5,104.1,4.116666667
LPC O-24:1,LPC O-24:1,TRUE,592.5,104.1,3.666666667
LPC O-24:2,LPC O-24:2,TRUE,590.5,104.1,3.35
LPE 16:0,LPE 16:0,TRUE,454.3,313.3,2.258333333
LPE 18:0,LPE 18:0,TRUE,482.3,341.3,2.7
LPE 18:1,LPE 18:1,TRUE,480.3,339.3,2.383333333
LPE 18:1 d7 (ISTD),LPE 18:1[D7],TRUE,487.1,346.2,2.383333333
LPE 18:2,LPE 18:2,TRUE,478.3,337.3,2.083333333
LPE 20:4,LPE 20:4,TRUE,502.3,361.3,2.05
LPE 22:6,LPE 22:6,TRUE,526.3,385.3,2
LPI 18:0,LPI 18:0,TRUE,618.3,341.3,2.4
LPI 18:1,LPI 18:1,TRUE,616.3,339.3,1.991666667
LPI 18:2,LPI 18:2,TRUE,614.3,337.3,1.675
LPI 20:4,LPI 20:4,TRUE,638.3,361.3,1.658333333
PC 28:0,PC 28:0,TRUE,678.5,184.1,3.916666667
PC 29:0,PC 29:0,TRUE,692.5,184.1,4.566666667
PC 30:0,PC 30:0,TRUE,706.5,184.1,4.316666667
PC 31:1,PC 31:1,TRUE,718.5,184.1,4.516666667
PC 32:0,PC 32:0,TRUE,734.6,184.1,4.666666667
PC 32:1,PC 32:1,TRUE,732.6,184.1,4.383333333
PC 32:2,PC 32:2,TRUE,730.5,184.1,4.083333333
PC 32:3,PC 32:3,TRUE,728.5,184.1,3.85
PC 33:0,PC 33:0,TRUE,748.6,184.1,4.8
PC 33:1,PC 33:1,TRUE,746.6,184.1,4.566666667
PC 33:1 d7 (ISTD),PC 33:1[D7],TRUE,753.2,184.1,4.533333333
PC 33:2,PC 33:2,TRUE,744.6,184.1,4.283333333
PC 34:0,PC 34:0,TRUE,762.6,184.1,5.033333333
PC 34:1,PC 34:1,TRUE,760.6,184.1,4.75
PC 34:2,PC 34:2,TRUE,758.6,184.1,4.483333333
PC 34:3,PC 34:3,TRUE,756.6,184.1,4.216666667
PC 34:4,PC 34:4,TRUE,754.5,184.1,4.566666667
PC 34:5,PC 34:5,TRUE,752.5,184.1,4.533333333
PC 35:1,PC 35:1,TRUE,774.6,184.1,4.9
PC 35:2,PC 35:2,TRUE,772.6,184.1,4.65
PC 35:3,PC 35:3,TRUE,770.6,184.1,4.383333333
PC 36:1,PC 36:1,TRUE,788.6,184.1,5.083333333
PC 36:2,PC 36:2,TRUE,786.6,184.1,4.85
PC 36:3,PC 36:3,TRUE,784.6,184.1,4.566666667
PC 36:4,PC 36:4,TRUE,782.6,184.1,4.433333333
PC 36:5,PC 36:5,TRUE,780.6,184.1,4.2
PC 36:6,PC 36:6,TRUE,778.5,184.1,3.983333333
PC 38:2,PC 38:2,TRUE,814.6,184.1,5.133333333
PC 38:3,PC 38:3,TRUE,812.6,184.1,5.025
PC 38:4,PC 38:4,TRUE,810.6,184.1,4.741666667
PC 38:5,PC 38:5,TRUE,808.6,184.1,4.533333333
PC 38:6,PC 38:6,TRUE,806.6,184.1,4.35
PC 38:7,PC 38:7,TRUE,804.6,184.1,4.05
PC 40:4,PC 40:4,TRUE,838.6,184.1,5.1
PC 40:5,PC 40:5,TRUE,836.6,184.1,4.891666667
PC 40:6,PC 40:6,TRUE,834.6,184.1,4.733333333
PC 40:7,PC 40:7,TRUE,832.6,184.1,4.4
PC 40:8,PC 40:8,TRUE,830.6,184.1,4.15
PC O-32:0,PC O-32:0,TRUE,720.6,184.1,4.916666667
PC O-32:1,PC O-32:1,TRUE,718.5,184.1,4.633333333
PC O-32:2,PC O-32:2,TRUE,716.6,184.1,4.333333333
PC O-34:1,PC O-34:1,TRUE,746.6,184.1,4.966666667
PC O-34:2,PC O-34:2,TRUE,744.6,184.1,4.716666667
PC O-34:4,PC O-34:4,TRUE,740.6,184.1,4.366666667
PC O-36:1,PC O-36:1,TRUE,774.6,184.1,5.233333333
PC O-36:2,PC O-36:2,TRUE,772.6,184.1,5.066666667
PC O-36:3,PC O-36:3,TRUE,770.6,184.1,4.766666667
PC O-36:4,PC O-36:4,TRUE,768.6,184.1,4.683333333
PC O-38:4,PC O-38:4,TRUE,796.6,184.1,5.05
PC O-38:5,PC O-38:5,TRUE,794.6,184.1,4.716666667
PC O-40:5,PC O-40:5,TRUE,822.6,184.1,5.033333333
PC O-40:6,PC O-40:6,TRUE,820.6,184.1,4.95
PC O-40:7,PC O-40:7,TRUE,818.6,184.1,4.65
PC P-32:0,PC P-32:0,TRUE,718.5,184.1,4.883333333
PC P-32:1,PC P-32:1,TRUE,716.6,184.1,4.6
PC P-34:1,PC P-34:1,TRUE,744.6,184.1,4.933333333
PC P-34:2,PC P-34:2,TRUE,742.5,184.1,4.666666667
PC P-36:2,PC P-36:2,TRUE,770.6,184.1,5.016666667
PC P-36:4,PC P-36:4,TRUE,766.6,184.1,4.633333333
PC P-36:5,PC P-36:5,TRUE,764.6,184.1,4.4
PC P-38:4,PC P-38:4,TRUE,794.6,184.1,4.966666667
PC P-38:5,PC P-38:5,TRUE,792.6,184.1,4.633333333
PC P-38:6,PC P-38:6,TRUE,790.6,184.1,4.533333333
PC P-40:6,PC P-40:6,TRUE,818.6,184.1,4.9
PE 28:0,PE 28:0,TRUE,636.5,495.5,4.05
PE 32:0,PE 32:0,TRUE,692.5,551.5,4.8
PE 32:1,PE 32:1,TRUE,690.5,549.5,4.533333333
PE 33:1 d7 (ISTD),PE 33:1[D7],TRUE,712.2,571.1,4.683333333
PE 34:1,PE 34:1,TRUE,718.5,577.5,4.866666667
PE 34:2,PE 34:2,TRUE,716.5,575.5,4.6
PE 34:3,PE 34:3,TRUE,714.5,573.5,4.366666667
PE 36:1,PE 36:1,TRUE,746.6,605.6,5.2
PE 36:2,PE 36:2,TRUE,744.6,603.5,4.966666667
PE 36:3,PE 36:3,TRUE,742.5,601.5,4.65
PE 36:4,PE 36:4,TRUE,740.5,599.5,4.583333333
PE 36:5,PE 36:5,TRUE,738.5,597.5,4.333333333
PE 38:4,PE 38:4,TRUE,768.6,627.5,4.916666667
PE 38:5,PE 38:5,TRUE,766.5,625.5,4.616666667
PE 38:6,PE 38:6,TRUE,764.5,623.5,4.5
PE 40:4,PE 40:4,TRUE,796.6,655.6,5.15
PE 40:5,PE 40:5,TRUE,794.6,653.6,5.066666667
PE 40:6,PE 40:6,TRUE,792.6,651.5,4.866666667
PE 40:7,PE 40:7,TRUE,790.5,649.5,4.533333333
PE O-34:1,PE O-34:1,TRUE,704.6,563.5,5.1
PE O-34:2,PE O-34:2,TRUE,702.5,561.5,4.866666667
PE O-36:2,PE O-36:2,TRUE,730.5,589.5,5.183333333
PE O-36:3,PE O-36:3,TRUE,728.6,587.5,4.9
PE O-36:4,PE O-36:4,TRUE,726.5,585.5,4.816666667
PE O-36:5,PE O-36:5,TRUE,724.5,583.5,4.6
PE O-36:6,PE O-36:6,TRUE,722.5,581.5,4.533333333
PE O-38:4,PE O-38:4,TRUE,754.6,613.6,5.166666667
PE O-38:5,PE O-38:5,TRUE,752.6,611.5,4.85
PE O-40:5,PE O-40:5,TRUE,780.6,639.6,5.241666667
PE O-40:6,PE O-40:6,TRUE,778.5,637.5,5.1
PE O-40:7,PE O-40:7,TRUE,776.6,635.5,4.783333333
PE P-16:0/18:1,PE P-16:0/18:1,TRUE,702.5,364.3,5.066666667
PE P-16:0/18:2,PE P-16:0/18:2,TRUE,700.5,364.3,4.8
PE P-16:0/20:4,PE P-16:0/20:4,TRUE,724.5,364.3,4.766666667
PE P-16:0/22:5,PE P-16:0/22:5,TRUE,750.5,364.3,4.85
PE P-16:0/22:6,PE P-16:0/22:6,TRUE,748.5,364.3,4.683333333
PE P-18:0/18:1,PE P-18:0/18:1,TRUE,730.5,392.3,5.383333333
PE P-18:0/18:2,PE P-18:0/18:2,TRUE,728.6,392.3,5.166666667
PE P-18:0/20:4,PE P-18:0/20:4,TRUE,752.6,392.3,5.116666667
PE P-18:0/22:5,PE P-18:0/22:5,TRUE,778.5,392.3,5.191666667
PE P-18:0/22:6,PE P-18:0/22:6,TRUE,776.6,392.3,5.05
PE P-20:0/20:4,PE P-20:0/20:4,TRUE,780.6,420.3,5.433333333
PE P-34:1,PE P-34:1,FALSE,702.5,561.5,5.066666667
PE P-36:1,PE P-36:1,FALSE,730.5,589.5,5.383333333
PE P-36:2,PE P-36:2,TRUE,728.6,587.5,5.166666667
PE P-36:4,PE P-36:4,TRUE,724.5,583.5,4.766666667
PE P-38:4,PE P-38:4,TRUE,752.6,611.5,5.116666667
PE P-40:4,PE P-40:4,TRUE,780.6,639.6,5.433333333
PE P-40:5,PE P-40:5,TRUE,778.5,637.5,5.1
PE P-40:6,PE P-40:6,TRUE,776.6,635.5,5.05
PG 33:1 d7 (ISTD),PG 33:1[D7],TRUE,759.1,570.1,4.2
PG 34:1,PG 34:1,TRUE,766.6,577.5,4.383333333
PG 36:1,PG 36:1,TRUE,794.6,605.6,4.716666667
PG 36:2,PG 36:2,TRUE,792.6,603.5,4.433333333
PI 32:0,PI 32:0,TRUE,828.6,551.6,4.216666667
PI 32:1,PI 32:1,TRUE,826.5,549.5,3.916666667
PI 33:1 d7 (ISTD),PI 33:1[D7],TRUE,847.2,570.1,4.083333333
PI 34:0,PI 34:0,TRUE,856.6,579.6,4.566666667
PI 34:1,PI 34:1,TRUE,854.6,577.6,4.283333333
PI 34:2,PI 34:2,TRUE,852.6,575.6,4.016666667
PI 36:1,PI 36:1,TRUE,882.6,605.6,4.633333333
PI 36:2,PI 36:2,TRUE,880.6,603.6,4.383333333
PI 36:3,PI 36:3,TRUE,878.6,601.6,4.133333333
PI 36:4,PI 36:4,TRUE,876.6,599.6,4
PI 38:2,PI 38:2,TRUE,908.6,631.6,4.683333333
PI 38:3,PI 38:3,TRUE,906.6,629.6,4.5
PI 38:4,PI 38:4,TRUE,904.6,627.6,4.35
PI 38:5,PI 38:5,TRUE,902.6,625.6,4.05
PI 38:6,PI 38:6,TRUE,900.6,623.6,3.916666667
PI 40:4,PI 40:4,TRUE,932.6,655.6,4.633333333
PI 40:5,PI 40:5,TRUE,930.6,653.6,4.5
PI 40:6,PI 40:6,TRUE,928.6,651.6,4.283333333
PS 33:1 d7 (ISTD),PS 33:1[D7],TRUE,755.1,570.1,4.133333333
PS 34:1,PS 34:1,TRUE,762.6,577.6,4.383333333
PS 34:2,PS 34:2,TRUE,760.6,575.6,4.1
PS 36:1,PS 36:1,TRUE,790.6,605.6,4.683333333
PS 36:2,PS 36:2,TRUE,788.5,603.5,4.433333333
PS 38:3,PS 38:3,TRUE,814.6,629.6,4.533333333
PS 38:4,PS 38:4,TRUE,812.5,627.5,4.416666667
PS 38:5,PS 38:5,TRUE,810.5,625.5,4.183333333
PS 40:5,PS 40:5,TRUE,838.6,653.6,4.583333333
PS 40:6,PS 40:6,TRUE,836.5,651.5,4.333333333
SM 30:1 (ISTD),SM 30:1,TRUE,647.5,184.1,3.516666667
SM 31:1,SM 31:1,TRUE,661.5,184.1,3.7
SM 32:0,SM 32:0,TRUE,677.6,184.1,4.066666667
SM 32:1,SM 32:1,TRUE,675.5,184.1,3.916666667
SM 32:2,SM 32:2,TRUE,673.5,184.1,3.583333333
SM 33:1,SM 33:1,TRUE,689.6,184.1,4.1
SM 34:0,SM 34:0,TRUE,705.6,184.1,4.433333333
SM 34:1,SM 34:1,TRUE,703.6,184.1,4.316666667
SM 34:2,SM 34:2,TRUE,701.6,184.1,4
SM 34:3,SM 34:3,TRUE,699.5,184.1,3.733333333
SM 35:1,SM 35:1,TRUE,717.6,184.1,4.516666667
SM 35:2,SM 35:2,TRUE,715.6,184.1,4.183333333
SM 36:1,SM 36:1,TRUE,731.6,184.1,4.7
SM 36:2,SM 36:2,TRUE,729.6,184.1,4.383333333
SM 36:2 d9 (ISTD),SM 36:2[D9],TRUE,739.2,184.1,4.383333333
SM 36:3,SM 36:3,TRUE,727.6,184.1,4.083333333
SM 38:1,SM 38:1,TRUE,759.6,184.1,5.05
SM 38:2,SM 38:2,TRUE,757.6,184.1,4.216666667
SM 38:3,SM 38:3,TRUE,755.6,184.1,4.533333333
SM 39:1,SM 39:1,TRUE,773.7,184.1,5.216666667
SM 40:1,SM 40:1,TRUE,787.7,184.1,4.833333333
SM 40:2,SM 40:2,TRUE,785.7,184.1,4.566666667
SM 40:3,SM 40:3,TRUE,783.7,184.1,4.433333333
SM 41:1,SM 41:1,TRUE,801.7,184.1,5.516666667
SM 42:1,SM 42:1,TRUE,815.7,184.1,5.666666667
SM 42:2,SM 42:2,TRUE,813.7,184.1,5.383333333
SM 42:3,SM 42:3,TRUE,811.7,184.1,5.116666667
SM 43:1,SM 43:1,TRUE,829.7,184.1,5.8
SM 44:1,SM 44:1,TRUE,843.7,184.1,5.933333333
SM 44:2,SM 44:2,TRUE,843.7,184.1,5.65
TG 48:0 [-16:0],TG 16:0_32:0,TRUE,824.8,551.5,7.1
TG 48:0 [SIM],TG 48:0,TRUE,824.8,824.8,7.1
TG 48:1 [-18:1],TG 18:1_30:0,TRUE,822.8,523.5,6.966666667
TG 48:1 [SIM],TG 48:1,TRUE,822.8,822.8,6.966666667
TG 48:1 d7 [-15:0] (ISTD),TG 15:0[D7]_33:0,TRUE,829.4,570.3,6.966666667
TG 48:1 d7 [SIM] (ISTD),TG 48:1[D7],TRUE,829.4,829.4,6.966666667
TG 48:2 [-14:1],TG 14:1_34:1,TRUE,820.8,577.6,6.833333333
TG 48:2 [-16:0],TG 16:0_32:2,TRUE,820.8,547.5,6.833333333
TG 48:2 [-16:1],TG 16:1_32:1,TRUE,820.8,549.5,6.833333333
TG 48:2 [-18:1],TG 18:1_30:1,TRUE,820.8,521.5,6.833333333
TG 48:2 [SIM],TG 48:2,TRUE,820.7,820.7,6.833333333
TG 48:3 [-16:1],TG 16:1_32:2,TRUE,818.8,547.5,6.7
TG 48:3 [-18:2],TG 18:2_30:1,TRUE,818.8,521.5,6.7
TG 48:3 [SIM],TG 48:3,TRUE,818.7,818.7,6.7
TG 49:1 [-15:0],TG 15:0_34:1,TRUE,836.8,577.5,7.066666667
TG 49:1 [-16:0],TG 16:0_33:1,TRUE,836.8,563.5,7.066666667
TG 49:1 [-18:1],TG 18:1_31:0,TRUE,836.8,537.5,7.05
TG 49:1 [SIM],TG 49:1,TRUE,836.8,836.8,7.066666667
TG 50:0 [-18:0],TG 18:0_32:0,TRUE,852.8,551.5,7.233333333
TG 50:0 [SIM],TG 50:0,TRUE,852.8,852.8,7.233333333
TG 50:1 [-14:0],TG 14:0_36:1,TRUE,850.8,605.6,7.116666667
TG 50:1 [-18:1],TG 18:1_32:0,TRUE,850.8,551.5,7.116666667
TG 50:1 [SIM],TG 50:1,TRUE,850.8,850.8,7.116666667
TG 50:2 [-18:0],TG 18:0_32:2,TRUE,848.8,547.5,7
TG 50:2 [-18:1],TG 18:1_32:1,TRUE,848.8,549.5,6.983333333
TG 50:2 [-18:2],TG 18:2_32:0,TRUE,848.8,551.5,7
TG 50:2 [SIM],TG 50:2,TRUE,848.8,848.8,7
TG 50:3 [-14:1],TG 14:1_36:2,TRUE,846.8,603.6,6.866666667
TG 50:3 [-16:1],TG 16:1_34:2,TRUE,846.8,575.6,6.85
TG 50:3 [-18:1],TG 18:1_32:2,TRUE,846.8,547.5,6.85
TG 50:3 [SIM],TG 50:3,TRUE,846.8,846.8,6.866666667
TG 50:4 [-14:0],TG 14:0_36:4,TRUE,844.8,599.5,6.733333333
TG 50:4 [SIM],TG 50:4,TRUE,844.7,844.7,6.75
TG 51:0 [-17:0] (ISTD),TG 17:0_34:0,TRUE,866.8,579.5,7.3
TG 51:0 [-16:0],TG 16:0_35:0,TRUE,866.8,593.6,7.3
TG 51:1 [-18:1],TG 18:1_33:0,TRUE,864.8,565.5,7.183333333
TG 51:1 [SIM],TG 51:1,TRUE,864.8,864.8,7.183333333
TG 51:2 [-15:0],TG 15:0_36:2,TRUE,862.8,603.6,7.05
TG 51:2 [-16:0],TG 16:0_35:2,TRUE,862.8,589.6,7.05
TG 51:2 [-18:1],TG 18:1_33:1,TRUE,862.8,563.5,7.05
TG 51:2 [SIM],TG 51:2,TRUE,862.8,862.8,7.05
TG 52:1 [-18:0],TG 18:0_34:1,TRUE,878.8,577.5,7.25
TG 52:1 [SIM],TG 52:1,TRUE,878.8,878.8,7.25
TG 52:2 [-16:0],TG 16:0_36:2,TRUE,876.8,603.6,7.133333333
TG 52:2 [SIM],TG 52:2,TRUE,876.8,876.8,7.133333333
TG 52:3 [-16:1],TG 16:1_36:2,TRUE,874.8,603.6,7
TG 52:3 [-18:2],TG 18:2_34:1,TRUE,874.8,577.6,7.016666667
TG 52:3 [SIM],TG 52:3,TRUE,874.8,874.8,7.016666667
TG 52:4 [-16:0],TG 16:0_36:4,TRUE,872.8,599.6,6.9
TG 52:4 [-18:1],TG 18:1_34:3,TRUE,872.8,573.6,6.9
TG 52:4 [SIM],TG 52:4,TRUE,872.8,872.8,6.9
TG 53:2 [-17:0],TG 17:0_36:2,TRUE,890.8,603.6,7.2
TG 53:2 [SIM],TG 53:2,TRUE,890.8,890.8,7.2
TG 54:0 [-18:0],TG 18:0_36:0,TRUE,908.9,607.6,7.466666667
TG 54:0 [SIM],TG 54:0,TRUE,908.9,908.9,7.466666667
TG 54:1 [-18:1],TG 18:1_36:0,TRUE,906.9,607.6,7.366666667
TG 54:1 [SIM],TG 54:1,TRUE,906.8,906.8,7.366666667
TG 54:2 [-18:0],TG 18:0_36:2,TRUE,904.9,603.6,7.266666667
TG 54:2 [SIM],TG 54:2,TRUE,904.9,904.8,7.266666667
TG 54:3 [-18:1],TG 18:1_36:2,TRUE,902.9,603.6,7.15
TG 54:3 [SIM],TG 54:3,TRUE,902.8,902.8,7.15
TG 54:4 [-18:0],TG 18:0_36:4,TRUE,900.8,599.5,7.05
TG 54:4 [-18:2],TG 18:2_36:2,TRUE,900.9,603.9,7.033333333
TG 54:4 [SIM],TG 54:4,TRUE,900.8,900.8,7.033333333
TG 54:5 [-18:1],TG 18:1_36:4,TRUE,898.9,599.6,6.916666667
TG 54:5 [SIM],TG 54:5,TRUE,898.8,898.8,6.916666667
TG 54:6 [-18:2],TG 18:2_36:4,TRUE,896.9,599.6,6.783333333
TG 54:6 [SIM],TG 54:6,TRUE,896.8,896.8,6.833333333
TG 56:6 [-20:4],TG 20:4_36:2,TRUE,924.9,603.6,6.983333333
TG 56:6 [SIM],TG 56:6,TRUE,924.8,924.8,6.966666667
TG 56:8 [-20:4],TG 20:4_36:4,TRUE,920.9,599.6,6.733333333
TG 56:8 [SIM],TG 56:8,TRUE,920.9,920.9,6.8
TG 58:8 [-22:6],TG 22:6_36:2,TRUE,948.9,603.7,6.933333333
TG 58:8 [SIM],TG 58:8,TRUE,948.9,948.9,6.933333333